Welcome Messages,Engagement Messages,Upsell Messages,PPV Promotions
Hey there! Welcome to my world ğŸ’• Let's have some fun together!,I love getting to know my fans! Tell me something about yourself ğŸ˜‰,I have something really special for you! Want a sneak peek? ğŸ˜,Exclusive content just for you! Don't miss out! ğŸ”¥
Hey there! Welcome to my world ğŸ’• Let's have some fun together!,I love getting to know my fans! Tell me something about yourself ğŸ˜‰,I have something really special for you! Want a sneak peek? ğŸ˜,Exclusive content just for you! Don't miss out! ğŸ”¥
Hey there! Welcome to my world ğŸ’• Let's have some fun together!,I love getting to know my fans! Tell me something about yourself ğŸ˜‰,I have something really special for you! Want a sneak peek? ğŸ˜,Exclusive content just for you! Don't miss out! ğŸ”¥
Hey there! Welcome to my world ğŸ’• Let's have some fun together!,I love getting to know my fans! Tell me something about yourself ğŸ˜‰,I have something really special for you! Want a sneak peek? ğŸ˜,Exclusive content just for you! Don't miss out! ğŸ”¥
Hey there! Welcome to my world ğŸ’• Let's have some fun together!,I love getting to know my fans! Tell me something about yourself ğŸ˜‰,I have something really special for you! Want a sneak peek? ğŸ˜,Exclusive content just for you! Don't miss out! ğŸ”¥
Hey there! Welcome to my world ğŸ’• Let's have some fun together!,I love getting to know my fans! Tell me something about yourself ğŸ˜‰,I have something really special for you! Want a sneak peek? ğŸ˜,Exclusive content just for you! Don't miss out! ğŸ”¥
Hey there! Welcome to my world ğŸ’• Let's have some fun together!,I love getting to know my fans! Tell me something about yourself ğŸ˜‰,I have something really special for you! Want a sneak peek? ğŸ˜,Exclusive content just for you! Don't miss out! ğŸ”¥
Hey there! Welcome to my world ğŸ’• Let's have some fun together!,I love getting to know my fans! Tell me something about yourself ğŸ˜‰,I have something really special for you! Want a sneak peek? ğŸ˜,Exclusive content just for you! Don't miss out! ğŸ”¥
Hey there! Welcome to my world ğŸ’• Let's have some fun together!,I love getting to know my fans! Tell me something about yourself ğŸ˜‰,I have something really special for you! Want a sneak peek? ğŸ˜,Exclusive content just for you! Don't miss out! ğŸ”¥
Hey there! Welcome to my world ğŸ’• Let's have some fun together!,I love getting to know my fans! Tell me something about yourself ğŸ˜‰,I have something really special for you! Want a sneak peek? ğŸ˜,Exclusive content just for you! Don't miss out! ğŸ”¥
Hey there! Welcome to my world ğŸ’• Let's have some fun together!,I love getting to know my fans! Tell me something about yourself ğŸ˜‰,I have something really special for you! Want a sneak peek? ğŸ˜,Exclusive content just for you! Don't miss out! ğŸ”¥
Hey there! Welcome to my world ğŸ’• Let's have some fun together!,I love getting to know my fans! Tell me something about yourself ğŸ˜‰,I have something really special for you! Want a sneak peek? ğŸ˜,Exclusive content just for you! Don't miss out! ğŸ”¥
Hey there! Welcome to my world ğŸ’• Let's have some fun together!,I love getting to know my fans! Tell me something about yourself ğŸ˜‰,I have something really special for you! Want a sneak peek? ğŸ˜,Exclusive content just for you! Don't miss out! ğŸ”¥
Hey there! Welcome to my world ğŸ’• Let's have some fun together!,I love getting to know my fans! Tell me something about yourself ğŸ˜‰,I have something really special for you! Want a sneak peek? ğŸ˜,Exclusive content just for you! Don't miss out! ğŸ”¥
Hey there! Welcome to my world ğŸ’• Let's have some fun together!,I love getting to know my fans! Tell me something about yourself ğŸ˜‰,I have something really special for you! Want a sneak peek? ğŸ˜,Exclusive content just for you! Don't miss out! ğŸ”¥
Hey there! Welcome to my world ğŸ’• Let's have some fun together!,I love getting to know my fans! Tell me something about yourself ğŸ˜‰,I have something really special for you! Want a sneak peek? ğŸ˜,Exclusive content just for you! Don't miss out! ğŸ”¥
Hey there! Welcome to my world ğŸ’• Let's have some fun together!,I love getting to know my fans! Tell me something about yourself ğŸ˜‰,I have something really special for you! Want a sneak peek? ğŸ˜,Exclusive content just for you! Don't miss out! ğŸ”¥
Hey there! Welcome to my world ğŸ’• Let's have some fun together!,I love getting to know my fans! Tell me something about yourself ğŸ˜‰,I have something really special for you! Want a sneak peek? ğŸ˜,Exclusive content just for you! Don't miss out! ğŸ”¥
Hey there! Welcome to my world ğŸ’• Let's have some fun together!,I love getting to know my fans! Tell me something about yourself ğŸ˜‰,I have something really special for you! Want a sneak peek? ğŸ˜,Exclusive content just for you! Don't miss out! ğŸ”¥
Hey there! Welcome to my world ğŸ’• Let's have some fun together!,I love getting to know my fans! Tell me something about yourself ğŸ˜‰,I have something really special for you! Want a sneak peek? ğŸ˜,Exclusive content just for you! Don't miss out! ğŸ”¥
Hey there! Welcome to my world ğŸ’• Let's have some fun together!,I love getting to know my fans! Tell me something about yourself ğŸ˜‰,I have something really special for you! Want a sneak peek? ğŸ˜,Exclusive content just for you! Don't miss out! ğŸ”¥
Hey there! Welcome to my world ğŸ’• Let's have some fun together!,I love getting to know my fans! Tell me something about yourself ğŸ˜‰,I have something really special for you! Want a sneak peek? ğŸ˜,Exclusive content just for you! Don't miss out! ğŸ”¥
Hey there! Welcome to my world ğŸ’• Let's have some fun together!,I love getting to know my fans! Tell me something about yourself ğŸ˜‰,I have something really special for you! Want a sneak peek? ğŸ˜,Exclusive content just for you! Don't miss out! ğŸ”¥
Hey there! Welcome to my world ğŸ’• Let's have some fun together!,I love getting to know my fans! Tell me something about yourself ğŸ˜‰,I have something really special for you! Want a sneak peek? ğŸ˜,Exclusive content just for you! Don't miss out! ğŸ”¥
Hey there! Welcome to my world ğŸ’• Let's have some fun together!,I love getting to know my fans! Tell me something about yourself ğŸ˜‰,I have something really special for you! Want a sneak peek? ğŸ˜,Exclusive content just for you! Don't miss out! ğŸ”¥
Hey there! Welcome to my world ğŸ’• Let's have some fun together!,I love getting to know my fans! Tell me something about yourself ğŸ˜‰,I have something really special for you! Want a sneak peek? ğŸ˜,Exclusive content just for you! Don't miss out! ğŸ”¥
Hey there! Welcome to my world ğŸ’• Let's have some fun together!,I love getting to know my fans! Tell me something about yourself ğŸ˜‰,I have something really special for you! Want a sneak peek? ğŸ˜,Exclusive content just for you! Don't miss out! ğŸ”¥
Hey there! Welcome to my world ğŸ’• Let's have some fun together!,I love getting to know my fans! Tell me something about yourself ğŸ˜‰,I have something really special for you! Want a sneak peek? ğŸ˜,Exclusive content just for you! Don't miss out! ğŸ”¥
Hey there! Welcome to my world ğŸ’• Let's have some fun together!,I love getting to know my fans! Tell me something about yourself ğŸ˜‰,I have something really special for you! Want a sneak peek? ğŸ˜,Exclusive content just for you! Don't miss out! ğŸ”¥
Hey there! Welcome to my world ğŸ’• Let's have some fun together!,I love getting to know my fans! Tell me something about yourself ğŸ˜‰,I have something really special for you! Want a sneak peek? ğŸ˜,Exclusive content just for you! Don't miss out! ğŸ”¥
Hey there! Welcome to my world ğŸ’• Let's have some fun together!,I love getting to know my fans! Tell me something about yourself ğŸ˜‰,I have something really special for you! Want a sneak peek? ğŸ˜,Exclusive content just for you! Don't miss out! ğŸ”¥
Hey there! Welcome to my world ğŸ’• Let's have some fun together!,I love getting to know my fans! Tell me something about yourself ğŸ˜‰,I have something really special for you! Want a sneak peek? ğŸ˜,Exclusive content just for you! Don't miss out! ğŸ”¥
Hey there! Welcome to my world ğŸ’• Let's have some fun together!,I love getting to know my fans! Tell me something about yourself ğŸ˜‰,I have something really special for you! Want a sneak peek? ğŸ˜,Exclusive content just for you! Don't miss out! ğŸ”¥
Hey there! Welcome to my world ğŸ’• Let's have some fun together!,I love getting to know my fans! Tell me something about yourself ğŸ˜‰,I have something really special for you! Want a sneak peek? ğŸ˜,Exclusive content just for you! Don't miss out! ğŸ”¥
Hey there! Welcome to my world ğŸ’• Let's have some fun together!,I love getting to know my fans! Tell me something about yourself ğŸ˜‰,I have something really special for you! Want a sneak peek? ğŸ˜,Exclusive content just for you! Don't miss out! ğŸ”¥
Hey there! Welcome to my world ğŸ’• Let's have some fun together!,I love getting to know my fans! Tell me something about yourself ğŸ˜‰,I have something really special for you! Want a sneak peek? ğŸ˜,Exclusive content just for you! Don't miss out! ğŸ”¥
Hey there! Welcome to my world ğŸ’• Let's have some fun together!,I love getting to know my fans! Tell me something about yourself ğŸ˜‰,I have something really special for you! Want a sneak peek? ğŸ˜,Exclusive content just for you! Don't miss out! ğŸ”¥
Hey there! Welcome to my world ğŸ’• Let's have some fun together!,I love getting to know my fans! Tell me something about yourself ğŸ˜‰,I have something really special for you! Want a sneak peek? ğŸ˜,Exclusive content just for you! Don't miss out! ğŸ”¥
Hey there! Welcome to my world ğŸ’• Let's have some fun together!,I love getting to know my fans! Tell me something about yourself ğŸ˜‰,I have something really special for you! Want a sneak peek? ğŸ˜,Exclusive content just for you! Don't miss out! ğŸ”¥
Hey there! Welcome to my world ğŸ’• Let's have some fun together!,I love getting to know my fans! Tell me something about yourself ğŸ˜‰,I have something really special for you! Want a sneak peek? ğŸ˜,Exclusive content just for you! Don't miss out! ğŸ”¥
Hey there! Welcome to my world ğŸ’• Let's have some fun together!,I love getting to know my fans! Tell me something about yourself ğŸ˜‰,I have something really special for you! Want a sneak peek? ğŸ˜,Exclusive content just for you! Don't miss out! ğŸ”¥
Hey there! Welcome to my world ğŸ’• Let's have some fun together!,I love getting to know my fans! Tell me something about yourself ğŸ˜‰,I have something really special for you! Want a sneak peek? ğŸ˜,Exclusive content just for you! Don't miss out! ğŸ”¥
Hey there! Welcome to my world ğŸ’• Let's have some fun together!,I love getting to know my fans! Tell me something about yourself ğŸ˜‰,I have something really special for you! Want a sneak peek? ğŸ˜,Exclusive content just for you! Don't miss out! ğŸ”¥
Hey there! Welcome to my world ğŸ’• Let's have some fun together!,I love getting to know my fans! Tell me something about yourself ğŸ˜‰,I have something really special for you! Want a sneak peek? ğŸ˜,Exclusive content just for you! Don't miss out! ğŸ”¥
Hey there! Welcome to my world ğŸ’• Let's have some fun together!,I love getting to know my fans! Tell me something about yourself ğŸ˜‰,I have something really special for you! Want a sneak peek? ğŸ˜,Exclusive content just for you! Don't miss out! ğŸ”¥
Hey there! Welcome to my world ğŸ’• Let's have some fun together!,I love getting to know my fans! Tell me something about yourself ğŸ˜‰,I have something really special for you! Want a sneak peek? ğŸ˜,Exclusive content just for you! Don't miss out! ğŸ”¥
Hey there! Welcome to my world ğŸ’• Let's have some fun together!,I love getting to know my fans! Tell me something about yourself ğŸ˜‰,I have something really special for you! Want a sneak peek? ğŸ˜,Exclusive content just for you! Don't miss out! ğŸ”¥
Hey there! Welcome to my world ğŸ’• Let's have some fun together!,I love getting to know my fans! Tell me something about yourself ğŸ˜‰,I have something really special for you! Want a sneak peek? ğŸ˜,Exclusive content just for you! Don't miss out! ğŸ”¥
Hey there! Welcome to my world ğŸ’• Let's have some fun together!,I love getting to know my fans! Tell me something about yourself ğŸ˜‰,I have something really special for you! Want a sneak peek? ğŸ˜,Exclusive content just for you! Don't miss out! ğŸ”¥
Hey there! Welcome to my world ğŸ’• Let's have some fun together!,I love getting to know my fans! Tell me something about yourself ğŸ˜‰,I have something really special for you! Want a sneak peek? ğŸ˜,Exclusive content just for you! Don't miss out! ğŸ”¥
Hey there! Welcome to my world ğŸ’• Let's have some fun together!,I love getting to know my fans! Tell me something about yourself ğŸ˜‰,I have something really special for you! Want a sneak peek? ğŸ˜,Exclusive content just for you! Don't miss out! ğŸ”¥
Hey there! Welcome to my world ğŸ’• Let's have some fun together!,I love getting to know my fans! Tell me something about yourself ğŸ˜‰,I have something really special for you! Want a sneak peek? ğŸ˜,Exclusive content just for you! Don't miss out! ğŸ”¥
Hey there! Welcome to my world ğŸ’• Let's have some fun together!,I love getting to know my fans! Tell me something about yourself ğŸ˜‰,I have something really special for you! Want a sneak peek? ğŸ˜,Exclusive content just for you! Don't miss out! ğŸ”¥
Hey there! Welcome to my world ğŸ’• Let's have some fun together!,I love getting to know my fans! Tell me something about yourself ğŸ˜‰,I have something really special for you! Want a sneak peek? ğŸ˜,Exclusive content just for you! Don't miss out! ğŸ”¥
Hey there! Welcome to my world ğŸ’• Let's have some fun together!,I love getting to know my fans! Tell me something about yourself ğŸ˜‰,I have something really special for you! Want a sneak peek? ğŸ˜,Exclusive content just for you! Don't miss out! ğŸ”¥
Hey there! Welcome to my world ğŸ’• Let's have some fun together!,I love getting to know my fans! Tell me something about yourself ğŸ˜‰,I have something really special for you! Want a sneak peek? ğŸ˜,Exclusive content just for you! Don't miss out! ğŸ”¥
Hey there! Welcome to my world ğŸ’• Let's have some fun together!,I love getting to know my fans! Tell me something about yourself ğŸ˜‰,I have something really special for you! Want a sneak peek? ğŸ˜,Exclusive content just for you! Don't miss out! ğŸ”¥
Hey there! Welcome to my world ğŸ’• Let's have some fun together!,I love getting to know my fans! Tell me something about yourself ğŸ˜‰,I have something really special for you! Want a sneak peek? ğŸ˜,Exclusive content just for you! Don't miss out! ğŸ”¥
Hey there! Welcome to my world ğŸ’• Let's have some fun together!,I love getting to know my fans! Tell me something about yourself ğŸ˜‰,I have something really special for you! Want a sneak peek? ğŸ˜,Exclusive content just for you! Don't miss out! ğŸ”¥
Hey there! Welcome to my world ğŸ’• Let's have some fun together!,I love getting to know my fans! Tell me something about yourself ğŸ˜‰,I have something really special for you! Want a sneak peek? ğŸ˜,Exclusive content just for you! Don't miss out! ğŸ”¥
Hey there! Welcome to my world ğŸ’• Let's have some fun together!,I love getting to know my fans! Tell me something about yourself ğŸ˜‰,I have something really special for you! Want a sneak peek? ğŸ˜,Exclusive content just for you! Don't miss out! ğŸ”¥
Hey there! Welcome to my world ğŸ’• Let's have some fun together!,I love getting to know my fans! Tell me something about yourself ğŸ˜‰,I have something really special for you! Want a sneak peek? ğŸ˜,Exclusive content just for you! Don't miss out! ğŸ”¥
Hey there! Welcome to my world ğŸ’• Let's have some fun together!,I love getting to know my fans! Tell me something about yourself ğŸ˜‰,I have something really special for you! Want a sneak peek? ğŸ˜,Exclusive content just for you! Don't miss out! ğŸ”¥
Hey there! Welcome to my world ğŸ’• Let's have some fun together!,I love getting to know my fans! Tell me something about yourself ğŸ˜‰,I have something really special for you! Want a sneak peek? ğŸ˜,Exclusive content just for you! Don't miss out! ğŸ”¥
Hey there! Welcome to my world ğŸ’• Let's have some fun together!,I love getting to know my fans! Tell me something about yourself ğŸ˜‰,I have something really special for you! Want a sneak peek? ğŸ˜,Exclusive content just for you! Don't miss out! ğŸ”¥
Hey there! Welcome to my world ğŸ’• Let's have some fun together!,I love getting to know my fans! Tell me something about yourself ğŸ˜‰,I have something really special for you! Want a sneak peek? ğŸ˜,Exclusive content just for you! Don't miss out! ğŸ”¥
Hey there! Welcome to my world ğŸ’• Let's have some fun together!,I love getting to know my fans! Tell me something about yourself ğŸ˜‰,I have something really special for you! Want a sneak peek? ğŸ˜,Exclusive content just for you! Don't miss out! ğŸ”¥
Hey there! Welcome to my world ğŸ’• Let's have some fun together!,I love getting to know my fans! Tell me something about yourself ğŸ˜‰,I have something really special for you! Want a sneak peek? ğŸ˜,Exclusive content just for you! Don't miss out! ğŸ”¥
Hey there! Welcome to my world ğŸ’• Let's have some fun together!,I love getting to know my fans! Tell me something about yourself ğŸ˜‰,I have something really special for you! Want a sneak peek? ğŸ˜,Exclusive content just for you! Don't miss out! ğŸ”¥
Hey there! Welcome to my world ğŸ’• Let's have some fun together!,I love getting to know my fans! Tell me something about yourself ğŸ˜‰,I have something really special for you! Want a sneak peek? ğŸ˜,Exclusive content just for you! Don't miss out! ğŸ”¥
Hey there! Welcome to my world ğŸ’• Let's have some fun together!,I love getting to know my fans! Tell me something about yourself ğŸ˜‰,I have something really special for you! Want a sneak peek? ğŸ˜,Exclusive content just for you! Don't miss out! ğŸ”¥
Hey there! Welcome to my world ğŸ’• Let's have some fun together!,I love getting to know my fans! Tell me something about yourself ğŸ˜‰,I have something really special for you! Want a sneak peek? ğŸ˜,Exclusive content just for you! Don't miss out! ğŸ”¥
Hey there! Welcome to my world ğŸ’• Let's have some fun together!,I love getting to know my fans! Tell me something about yourself ğŸ˜‰,I have something really special for you! Want a sneak peek? ğŸ˜,Exclusive content just for you! Don't miss out! ğŸ”¥
Hey there! Welcome to my world ğŸ’• Let's have some fun together!,I love getting to know my fans! Tell me something about yourself ğŸ˜‰,I have something really special for you! Want a sneak peek? ğŸ˜,Exclusive content just for you! Don't miss out! ğŸ”¥
Hey there! Welcome to my world ğŸ’• Let's have some fun together!,I love getting to know my fans! Tell me something about yourself ğŸ˜‰,I have something really special for you! Want a sneak peek? ğŸ˜,Exclusive content just for you! Don't miss out! ğŸ”¥
Hey there! Welcome to my world ğŸ’• Let's have some fun together!,I love getting to know my fans! Tell me something about yourself ğŸ˜‰,I have something really special for you! Want a sneak peek? ğŸ˜,Exclusive content just for you! Don't miss out! ğŸ”¥
Hey there! Welcome to my world ğŸ’• Let's have some fun together!,I love getting to know my fans! Tell me something about yourself ğŸ˜‰,I have something really special for you! Want a sneak peek? ğŸ˜,Exclusive content just for you! Don't miss out! ğŸ”¥
Hey there! Welcome to my world ğŸ’• Let's have some fun together!,I love getting to know my fans! Tell me something about yourself ğŸ˜‰,I have something really special for you! Want a sneak peek? ğŸ˜,Exclusive content just for you! Don't miss out! ğŸ”¥
Hey there! Welcome to my world ğŸ’• Let's have some fun together!,I love getting to know my fans! Tell me something about yourself ğŸ˜‰,I have something really special for you! Want a sneak peek? ğŸ˜,Exclusive content just for you! Don't miss out! ğŸ”¥
Hey there! Welcome to my world ğŸ’• Let's have some fun together!,I love getting to know my fans! Tell me something about yourself ğŸ˜‰,I have something really special for you! Want a sneak peek? ğŸ˜,Exclusive content just for you! Don't miss out! ğŸ”¥
Hey there! Welcome to my world ğŸ’• Let's have some fun together!,I love getting to know my fans! Tell me something about yourself ğŸ˜‰,I have something really special for you! Want a sneak peek? ğŸ˜,Exclusive content just for you! Don't miss out! ğŸ”¥
Hey there! Welcome to my world ğŸ’• Let's have some fun together!,I love getting to know my fans! Tell me something about yourself ğŸ˜‰,I have something really special for you! Want a sneak peek? ğŸ˜,Exclusive content just for you! Don't miss out! ğŸ”¥
Hey there! Welcome to my world ğŸ’• Let's have some fun together!,I love getting to know my fans! Tell me something about yourself ğŸ˜‰,I have something really special for you! Want a sneak peek? ğŸ˜,Exclusive content just for you! Don't miss out! ğŸ”¥
Hey there! Welcome to my world ğŸ’• Let's have some fun together!,I love getting to know my fans! Tell me something about yourself ğŸ˜‰,I have something really special for you! Want a sneak peek? ğŸ˜,Exclusive content just for you! Don't miss out! ğŸ”¥
Hey there! Welcome to my world ğŸ’• Let's have some fun together!,I love getting to know my fans! Tell me something about yourself ğŸ˜‰,I have something really special for you! Want a sneak peek? ğŸ˜,Exclusive content just for you! Don't miss out! ğŸ”¥
Hey there! Welcome to my world ğŸ’• Let's have some fun together!,I love getting to know my fans! Tell me something about yourself ğŸ˜‰,I have something really special for you! Want a sneak peek? ğŸ˜,Exclusive content just for you! Don't miss out! ğŸ”¥
Hey there! Welcome to my world ğŸ’• Let's have some fun together!,I love getting to know my fans! Tell me something about yourself ğŸ˜‰,I have something really special for you! Want a sneak peek? ğŸ˜,Exclusive content just for you! Don't miss out! ğŸ”¥
Hey there! Welcome to my world ğŸ’• Let's have some fun together!,I love getting to know my fans! Tell me something about yourself ğŸ˜‰,I have something really special for you! Want a sneak peek? ğŸ˜,Exclusive content just for you! Don't miss out! ğŸ”¥
Hey there! Welcome to my world ğŸ’• Let's have some fun together!,I love getting to know my fans! Tell me something about yourself ğŸ˜‰,I have something really special for you! Want a sneak peek? ğŸ˜,Exclusive content just for you! Don't miss out! ğŸ”¥
Hey there! Welcome to my world ğŸ’• Let's have some fun together!,I love getting to know my fans! Tell me something about yourself ğŸ˜‰,I have something really special for you! Want a sneak peek? ğŸ˜,Exclusive content just for you! Don't miss out! ğŸ”¥
Hey there! Welcome to my world ğŸ’• Let's have some fun together!,I love getting to know my fans! Tell me something about yourself ğŸ˜‰,I have something really special for you! Want a sneak peek? ğŸ˜,Exclusive content just for you! Don't miss out! ğŸ”¥
Hey there! Welcome to my world ğŸ’• Let's have some fun together!,I love getting to know my fans! Tell me something about yourself ğŸ˜‰,I have something really special for you! Want a sneak peek? ğŸ˜,Exclusive content just for you! Don't miss out! ğŸ”¥
Hey there! Welcome to my world ğŸ’• Let's have some fun together!,I love getting to know my fans! Tell me something about yourself ğŸ˜‰,I have something really special for you! Want a sneak peek? ğŸ˜,Exclusive content just for you! Don't miss out! ğŸ”¥
Hey there! Welcome to my world ğŸ’• Let's have some fun together!,I love getting to know my fans! Tell me something about yourself ğŸ˜‰,I have something really special for you! Want a sneak peek? ğŸ˜,Exclusive content just for you! Don't miss out! ğŸ”¥
Hey there! Welcome to my world ğŸ’• Let's have some fun together!,I love getting to know my fans! Tell me something about yourself ğŸ˜‰,I have something really special for you! Want a sneak peek? ğŸ˜,Exclusive content just for you! Don't miss out! ğŸ”¥
Hey there! Welcome to my world ğŸ’• Let's have some fun together!,I love getting to know my fans! Tell me something about yourself ğŸ˜‰,I have something really special for you! Want a sneak peek? ğŸ˜,Exclusive content just for you! Don't miss out! ğŸ”¥
Hey there! Welcome to my world ğŸ’• Let's have some fun together!,I love getting to know my fans! Tell me something about yourself ğŸ˜‰,I have something really special for you! Want a sneak peek? ğŸ˜,Exclusive content just for you! Don't miss out! ğŸ”¥
Hey there! Welcome to my world ğŸ’• Let's have some fun together!,I love getting to know my fans! Tell me something about yourself ğŸ˜‰,I have something really special for you! Want a sneak peek? ğŸ˜,Exclusive content just for you! Don't miss out! ğŸ”¥
Hey there! Welcome to my world ğŸ’• Let's have some fun together!,I love getting to know my fans! Tell me something about yourself ğŸ˜‰,I have something really special for you! Want a sneak peek? ğŸ˜,Exclusive content just for you! Don't miss out! ğŸ”¥
Hey there! Welcome to my world ğŸ’• Let's have some fun together!,I love getting to know my fans! Tell me something about yourself ğŸ˜‰,I have something really special for you! Want a sneak peek? ğŸ˜,Exclusive content just for you! Don't miss out! ğŸ”¥
